{
    "parent": "item/generated",
	"textures": {
        "layer0": "item/bundle"
    },
    "overrides":[
		{ 	"predicate": { 
				"filled": 0.0000001 
			},
			"model": "item/bundle_filled"
		},
		{
            "predicate":{
                "custom_model_data":20201
            },
            "model":"item/backpacks/black"
        },
		{
            "predicate":{
                "custom_model_data":20202
            },
            "model":"item/backpacks/blue"
        },
		{
            "predicate":{
                "custom_model_data":20203
            },
            "model":"item/backpacks/cyan"
        },
		{
            "predicate":{
                "custom_model_data":20204
            },
            "model":"item/backpacks/green"
        },
		{
            "predicate":{
                "custom_model_data":20205
            },
            "model":"item/backpacks/grey"
        },
		{
            "predicate":{
                "custom_model_data":20206
            },
            "model":"item/backpacks/light_blue"
        },
		{
            "predicate":{
                "custom_model_data":20207
            },
            "model":"item/backpacks/light_grey"
        },
		{
            "predicate":{
                "custom_model_data":20208
            },
            "model":"item/backpacks/lime"
        },
		{
            "predicate":{
                "custom_model_data":20209
            },
            "model":"item/backpacks/magenta"
        },
		{
            "predicate":{
                "custom_model_data":202010
            },
            "model":"item/backpacks/normal"
        },
		{
            "predicate":{
                "custom_model_data":202011
            },
            "model":"item/backpacks/orange"
        },
		{
            "predicate":{
                "custom_model_data":202012
            },
            "model":"item/backpacks/pink"
        },
		{
            "predicate":{
                "custom_model_data":202013
            },
            "model":"item/backpacks/purple"
        },
		{
            "predicate":{
                "custom_model_data":202014
            },
            "model":"item/backpacks/red"
        },
		{
            "predicate":{
                "custom_model_data":202015
            },
            "model":"item/backpacks/white"
        },
		{
            "predicate":{
                "custom_model_data":202016
            },
            "model":"item/backpacks/yellow"
        }
    ]
}
